-- Insert demo beds
INSERT INTO public.beds (id, user_id, name, base_image_url) VALUES
('a0eebc99-9c0b-4ef8-bb6d-6bb9bd380a11', '00000000-0000-0000-0000-000000000000', 'Front Yard Patch', 'https://example.com/front_yard_patch.jpg'),
('b0eebc99-9c0b-4ef8-bb6d-6bb9bd380a11', '00000000-0000-0000-0000-000000000000', 'Raised Herb Garden', 'https://example.com/raised_herb_garden.jpg');

-- Insert demo plants
INSERT INTO public.plants (id, bed_id, name, type, planted_on, sprite_url, z_layer, x, y, notes) VALUES
('c0eebc99-9c0b-4ef8-bb6d-6bb9bd380a11', 'a0eebc99-9c0b-4ef8-bb6d-6bb9bd380a11', 'Rose Bush', 'perennial', '2023-03-15', 'https://example.com/rose_bush.png', 1, 100, 200, 'A beautiful red rose.'),
('d0eebc99-9c0b-4ef8-bb6d-6bb9bd380a11', 'a0eebc99-9c0b-4ef8-bb6d-6bb9bd380a11', 'Sunflower', 'annual', '2024-05-01', 'https://example.com/sunflower.png', 1, 250, 150, 'Tall and bright.'),
('e0eebc99-9c0b-4ef8-bb6d-6bb9bd380a11', 'a0eebc99-9c0b-4ef8-bb6d-6bb9bd380a11', 'Tomato Plant', 'edible', '2024-04-20', 'https://example.com/tomato.png', 1, 300, 300, 'Cherry tomatoes.'),
('f0eebc99-9c0b-4ef8-bb6d-6bb9bd380a11', 'b0eebc99-9c0b-4ef8-bb6d-6bb9bd380a11', 'Basil', 'edible', '2024-05-10', 'https://example.com/basil.png', 1, 50, 50, 'Great for pesto.'),
('10eebc99-9c0b-4ef8-bb6d-6bb9bd380a11', 'b0eebc99-9c0b-4ef8-bb6d-6bb9bd380a11', 'Mint', 'perennial', '2023-06-01', 'https://example.com/mint.png', 1, 120, 80, 'Spreading quickly.'),
('20eebc99-9c0b-4ef8-bb6d-6bb9bd380a11', 'b0eebc99-9c0b-4ef8-bb6d-6bb9bd380a11', 'Lettuce', 'annual', '2024-04-01', 'https://example.com/lettuce.png', 1, 180, 100, 'Loose leaf variety.');

-- Insert demo plant photos (5 photos across different plants)
INSERT INTO public.plant_photos (id, plant_id, captured_on, image_url, checksum, notes) VALUES
('71eebc99-9c0b-4ef8-bb6d-6bb9bd380a11', 'c0eebc99-9c0b-4ef8-bb6d-6bb9bd380a11', '2024-08-15T10:30:00Z', 'https://supabase-storage.example.com/photos/rose_bush_aug_2024.jpg', 'a1b2c3d4e5f6', 'First bloom of the season'),
('72eebc99-9c0b-4ef8-bb6d-6bb9bd380a11', 'd0eebc99-9c0b-4ef8-bb6d-6bb9bd380a11', '2024-07-20T14:15:00Z', 'https://supabase-storage.example.com/photos/sunflower_growth_july.jpg', 'b2c3d4e5f6a1', 'Growing tall, reaching 6 feet'),
('73eebc99-9c0b-4ef8-bb6d-6bb9bd380a11', 'e0eebc99-9c0b-4ef8-bb6d-6bb9bd380a11', '2024-08-01T16:45:00Z', 'https://supabase-storage.example.com/photos/tomato_first_fruit.jpg', 'c3d4e5f6a1b2', 'First cherry tomatoes appearing'),
('74eebc99-9c0b-4ef8-bb6d-6bb9bd380a11', 'f0eebc99-9c0b-4ef8-bb6d-6bb9bd380a11', '2024-06-10T09:20:00Z', 'https://supabase-storage.example.com/photos/basil_harvest_ready.jpg', 'd4e5f6a1b2c3', 'Ready for first harvest'),
('75eebc99-9c0b-4ef8-bb6d-6bb9bd380a11', '10eebc99-9c0b-4ef8-bb6d-6bb9bd380a11', '2024-05-25T11:30:00Z', 'https://supabase-storage.example.com/photos/mint_spreading.jpg', 'e5f6a1b2c3d4', 'Mint is spreading rapidly');

-- Insert corresponding thumbnail references (simulated URLs)
-- Note: In a real implementation, these would be generated by the MediaStorage service
INSERT INTO public.plant_photos (id, plant_id, captured_on, image_url, checksum, notes) VALUES
('81eebc99-9c0b-4ef8-bb6d-6bb9bd380a11', 'c0eebc99-9c0b-4ef8-bb6d-6bb9bd380a11', '2024-08-15T10:30:00Z', 'https://supabase-storage.example.com/thumbs/rose_bush_aug_2024_thumb.jpg', 'a1b2c3d4e5f6t', 'Thumbnail: First bloom of the season'),
('82eebc99-9c0b-4ef8-bb6d-6bb9bd380a11', 'd0eebc99-9c0b-4ef8-bb6d-6bb9bd380a11', '2024-07-20T14:15:00Z', 'https://supabase-storage.example.com/thumbs/sunflower_growth_july_thumb.jpg', 'b2c3d4e5f6a1t', 'Thumbnail: Growing tall, reaching 6 feet'),
('83eebc99-9c0b-4ef8-bb6d-6bb9bd380a11', 'e0eebc99-9c0b-4ef8-bb6d-6bb9bd380a11', '2024-08-01T16:45:00Z', 'https://supabase-storage.example.com/thumbs/tomato_first_fruit_thumb.jpg', 'c3d4e5f6a1b2t', 'Thumbnail: First cherry tomatoes appearing'),
('84eebc99-9c0b-4ef8-bb6d-6bb9bd380a11', 'f0eebc99-9c0b-4ef8-bb6d-6bb9bd380a11', '2024-06-10T09:20:00Z', 'https://supabase-storage.example.com/thumbs/basil_harvest_ready_thumb.jpg', 'd4e5f6a1b2c3t', 'Thumbnail: Ready for first harvest'),
('85eebc99-9c0b-4ef8-bb6d-6bb9bd380a11', '10eebc99-9c0b-4ef8-bb6d-6bb9bd380a11', '2024-05-25T11:30:00Z', 'https://supabase-storage.example.com/thumbs/mint_spreading_thumb.jpg', 'e5f6a1b2c3d4t', 'Thumbnail: Mint is spreading rapidly');
